trial,testing,parameters,initial_deadline,final_deadline,net_reward,actions,success
1,False,"{'a': 0.5, 'e': 1.0}",35,0,-180.91423283111914,"{0: 19, 1: 3, 2: 11, 3: 0, 4: 2}",0
2,False,"{'a': 0.5, 'e': 0.95}",20,0,-182.45664116268767,"{0: 8, 1: 5, 2: 4, 3: 0, 4: 3}",0
3,False,"{'a': 0.5, 'e': 0.9}",20,0,-184.0509725969256,"{0: 9, 1: 0, 2: 8, 3: 0, 4: 3}",0
4,False,"{'a': 0.5, 'e': 0.85}",25,0,-137.4942328925581,"{0: 13, 1: 5, 2: 4, 3: 2, 4: 1}",0
5,False,"{'a': 0.5, 'e': 0.8}",30,0,-105.94244166974669,"{0: 23, 1: 2, 2: 2, 3: 1, 4: 2}",0
6,False,"{'a': 0.5, 'e': 0.75}",25,0,-156.91750365416235,"{0: 14, 1: 0, 2: 7, 3: 3, 4: 1}",0
7,False,"{'a': 0.5, 'e': 0.7}",20,0,-152.15152227100944,"{0: 10, 1: 2, 2: 5, 3: 1, 4: 2}",0
